split,old_name,new_name,source_path,target_path,width,height,processor
style,style_0001.jpg,style_0001.jpg,E:\Workspace_Codex\project002-chinese-ppcut-ppeb\data\ChinesePaperCutting\style_0001.jpg,E:\Workspace_Codex\project002-chinese-ppcut-ppeb\data\ChinesePaperCutting\style_0001.jpg,960,960,normalize_style_image
style,style_0002.jpg,style_0002.jpg,E:\Workspace_Codex\project002-chinese-ppcut-ppeb\data\ChinesePaperCutting\style_0002.jpg,E:\Workspace_Codex\project002-chinese-ppcut-ppeb\data\ChinesePaperCutting\style_0002.jpg,960,960,normalize_style_image
style,style_0005.jpg,style_0003.jpg,E:\Workspace_Codex\project002-chinese-ppcut-ppeb\data\ChinesePaperCutting\style_0005.jpg,E:\Workspace_Codex\project002-chinese-ppcut-ppeb\data\ChinesePaperCutting\style_0003.jpg,960,960,normalize_style_image
style,style_0006.jpg,style_0004.jpg,E:\Workspace_Codex\project002-chinese-ppcut-ppeb\data\ChinesePaperCutting\style_0006.jpg,E:\Workspace_Codex\project002-chinese-ppcut-ppeb\data\ChinesePaperCutting\style_0004.jpg,960,960,normalize_style_image
style,style_0008.jpg,style_0005.jpg,E:\Workspace_Codex\project002-chinese-ppcut-ppeb\data\ChinesePaperCutting\style_0008.jpg,E:\Workspace_Codex\project002-chinese-ppcut-ppeb\data\ChinesePaperCutting\style_0005.jpg,960,960,normalize_style_image
style,style_0011.jpg,style_0006.jpg,E:\Workspace_Codex\project002-chinese-ppcut-ppeb\data\ChinesePaperCutting\style_0011.jpg,E:\Workspace_Codex\project002-chinese-ppcut-ppeb\data\ChinesePaperCutting\style_0006.jpg,960,960,normalize_style_image
style,style_0013.jpg,style_0007.jpg,E:\Workspace_Codex\project002-chinese-ppcut-ppeb\data\ChinesePaperCutting\style_0013.jpg,E:\Workspace_Codex\project002-chinese-ppcut-ppeb\data\ChinesePaperCutting\style_0007.jpg,960,960,normalize_style_image
style,style_0017.jpg,style_0008.jpg,E:\Workspace_Codex\project002-chinese-ppcut-ppeb\data\ChinesePaperCutting\style_0017.jpg,E:\Workspace_Codex\project002-chinese-ppcut-ppeb\data\ChinesePaperCutting\style_0008.jpg,960,960,normalize_style_image
style,style_0018.jpg,style_0009.jpg,E:\Workspace_Codex\project002-chinese-ppcut-ppeb\data\ChinesePaperCutting\style_0018.jpg,E:\Workspace_Codex\project002-chinese-ppcut-ppeb\data\ChinesePaperCutting\style_0009.jpg,960,960,normalize_style_image
style,style_0020.jpg,style_0010.jpg,E:\Workspace_Codex\project002-chinese-ppcut-ppeb\data\ChinesePaperCutting\style_0020.jpg,E:\Workspace_Codex\project002-chinese-ppcut-ppeb\data\ChinesePaperCutting\style_0010.jpg,960,960,normalize_style_image
style,style_0021.jpg,style_0011.jpg,E:\Workspace_Codex\project002-chinese-ppcut-ppeb\data\ChinesePaperCutting\style_0021.jpg,E:\Workspace_Codex\project002-chinese-ppcut-ppeb\data\ChinesePaperCutting\style_0011.jpg,960,960,normalize_style_image
style,style_0022.jpg,style_0012.jpg,E:\Workspace_Codex\project002-chinese-ppcut-ppeb\data\ChinesePaperCutting\style_0022.jpg,E:\Workspace_Codex\project002-chinese-ppcut-ppeb\data\ChinesePaperCutting\style_0012.jpg,960,960,normalize_style_image
style,style_0023.jpg,style_0013.jpg,E:\Workspace_Codex\project002-chinese-ppcut-ppeb\data\ChinesePaperCutting\style_0023.jpg,E:\Workspace_Codex\project002-chinese-ppcut-ppeb\data\ChinesePaperCutting\style_0013.jpg,960,960,normalize_style_image
style,style_0024.jpg,style_0014.jpg,E:\Workspace_Codex\project002-chinese-ppcut-ppeb\data\ChinesePaperCutting\style_0024.jpg,E:\Workspace_Codex\project002-chinese-ppcut-ppeb\data\ChinesePaperCutting\style_0014.jpg,960,960,normalize_style_image
style,style_0025.jpg,style_0015.jpg,E:\Workspace_Codex\project002-chinese-ppcut-ppeb\data\ChinesePaperCutting\style_0025.jpg,E:\Workspace_Codex\project002-chinese-ppcut-ppeb\data\ChinesePaperCutting\style_0015.jpg,960,960,normalize_style_image
style,style_0026.jpg,style_0016.jpg,E:\Workspace_Codex\project002-chinese-ppcut-ppeb\data\ChinesePaperCutting\style_0026.jpg,E:\Workspace_Codex\project002-chinese-ppcut-ppeb\data\ChinesePaperCutting\style_0016.jpg,960,960,normalize_style_image
style,style_0027.jpg,style_0017.jpg,E:\Workspace_Codex\project002-chinese-ppcut-ppeb\data\ChinesePaperCutting\style_0027.jpg,E:\Workspace_Codex\project002-chinese-ppcut-ppeb\data\ChinesePaperCutting\style_0017.jpg,960,960,normalize_style_image
style,style_0028.jpg,style_0018.jpg,E:\Workspace_Codex\project002-chinese-ppcut-ppeb\data\ChinesePaperCutting\style_0028.jpg,E:\Workspace_Codex\project002-chinese-ppcut-ppeb\data\ChinesePaperCutting\style_0018.jpg,960,960,normalize_style_image
style,style_0031.jpg,style_0019.jpg,E:\Workspace_Codex\project002-chinese-ppcut-ppeb\data\ChinesePaperCutting\style_0031.jpg,E:\Workspace_Codex\project002-chinese-ppcut-ppeb\data\ChinesePaperCutting\style_0019.jpg,960,960,normalize_style_image
style,style_0032.jpg,style_0020.jpg,E:\Workspace_Codex\project002-chinese-ppcut-ppeb\data\ChinesePaperCutting\style_0032.jpg,E:\Workspace_Codex\project002-chinese-ppcut-ppeb\data\ChinesePaperCutting\style_0020.jpg,960,960,normalize_style_image
style,style_0033.jpg,style_0021.jpg,E:\Workspace_Codex\project002-chinese-ppcut-ppeb\data\ChinesePaperCutting\style_0033.jpg,E:\Workspace_Codex\project002-chinese-ppcut-ppeb\data\ChinesePaperCutting\style_0021.jpg,960,960,normalize_style_image
style,style_0034.jpg,style_0022.jpg,E:\Workspace_Codex\project002-chinese-ppcut-ppeb\data\ChinesePaperCutting\style_0034.jpg,E:\Workspace_Codex\project002-chinese-ppcut-ppeb\data\ChinesePaperCutting\style_0022.jpg,960,960,normalize_style_image
style,style_0035.jpg,style_0023.jpg,E:\Workspace_Codex\project002-chinese-ppcut-ppeb\data\ChinesePaperCutting\style_0035.jpg,E:\Workspace_Codex\project002-chinese-ppcut-ppeb\data\ChinesePaperCutting\style_0023.jpg,960,960,normalize_style_image
style,style_0036.jpg,style_0024.jpg,E:\Workspace_Codex\project002-chinese-ppcut-ppeb\data\ChinesePaperCutting\style_0036.jpg,E:\Workspace_Codex\project002-chinese-ppcut-ppeb\data\ChinesePaperCutting\style_0024.jpg,960,960,normalize_style_image
style,style_0037.jpg,style_0025.jpg,E:\Workspace_Codex\project002-chinese-ppcut-ppeb\data\ChinesePaperCutting\style_0037.jpg,E:\Workspace_Codex\project002-chinese-ppcut-ppeb\data\ChinesePaperCutting\style_0025.jpg,960,960,normalize_style_image
style,style_0039.jpg,style_0026.jpg,E:\Workspace_Codex\project002-chinese-ppcut-ppeb\data\ChinesePaperCutting\style_0039.jpg,E:\Workspace_Codex\project002-chinese-ppcut-ppeb\data\ChinesePaperCutting\style_0026.jpg,960,960,normalize_style_image
style,style_0042.jpg,style_0027.jpg,E:\Workspace_Codex\project002-chinese-ppcut-ppeb\data\ChinesePaperCutting\style_0042.jpg,E:\Workspace_Codex\project002-chinese-ppcut-ppeb\data\ChinesePaperCutting\style_0027.jpg,960,960,normalize_style_image
style,style_0043.jpg,style_0028.jpg,E:\Workspace_Codex\project002-chinese-ppcut-ppeb\data\ChinesePaperCutting\style_0043.jpg,E:\Workspace_Codex\project002-chinese-ppcut-ppeb\data\ChinesePaperCutting\style_0028.jpg,960,960,normalize_style_image
style,style_0044.jpg,style_0029.jpg,E:\Workspace_Codex\project002-chinese-ppcut-ppeb\data\ChinesePaperCutting\style_0044.jpg,E:\Workspace_Codex\project002-chinese-ppcut-ppeb\data\ChinesePaperCutting\style_0029.jpg,960,960,normalize_style_image
style,style_0047.jpg,style_0030.jpg,E:\Workspace_Codex\project002-chinese-ppcut-ppeb\data\ChinesePaperCutting\style_0047.jpg,E:\Workspace_Codex\project002-chinese-ppcut-ppeb\data\ChinesePaperCutting\style_0030.jpg,960,960,normalize_style_image
style,style_0048.jpg,style_0031.jpg,E:\Workspace_Codex\project002-chinese-ppcut-ppeb\data\ChinesePaperCutting\style_0048.jpg,E:\Workspace_Codex\project002-chinese-ppcut-ppeb\data\ChinesePaperCutting\style_0031.jpg,960,960,normalize_style_image
style,style_0049.jpg,style_0032.jpg,E:\Workspace_Codex\project002-chinese-ppcut-ppeb\data\ChinesePaperCutting\style_0049.jpg,E:\Workspace_Codex\project002-chinese-ppcut-ppeb\data\ChinesePaperCutting\style_0032.jpg,960,960,normalize_style_image
style,style_0052.jpg,style_0033.jpg,E:\Workspace_Codex\project002-chinese-ppcut-ppeb\data\ChinesePaperCutting\style_0052.jpg,E:\Workspace_Codex\project002-chinese-ppcut-ppeb\data\ChinesePaperCutting\style_0033.jpg,960,960,normalize_style_image
style,style_0053.jpg,style_0034.jpg,E:\Workspace_Codex\project002-chinese-ppcut-ppeb\data\ChinesePaperCutting\style_0053.jpg,E:\Workspace_Codex\project002-chinese-ppcut-ppeb\data\ChinesePaperCutting\style_0034.jpg,960,960,normalize_style_image
style,style_0055.jpg,style_0035.jpg,E:\Workspace_Codex\project002-chinese-ppcut-ppeb\data\ChinesePaperCutting\style_0055.jpg,E:\Workspace_Codex\project002-chinese-ppcut-ppeb\data\ChinesePaperCutting\style_0035.jpg,960,960,normalize_style_image
style,style_0057.jpg,style_0036.jpg,E:\Workspace_Codex\project002-chinese-ppcut-ppeb\data\ChinesePaperCutting\style_0057.jpg,E:\Workspace_Codex\project002-chinese-ppcut-ppeb\data\ChinesePaperCutting\style_0036.jpg,960,960,normalize_style_image
style,style_0058.jpg,style_0037.jpg,E:\Workspace_Codex\project002-chinese-ppcut-ppeb\data\ChinesePaperCutting\style_0058.jpg,E:\Workspace_Codex\project002-chinese-ppcut-ppeb\data\ChinesePaperCutting\style_0037.jpg,960,960,normalize_style_image
style,style_0060.jpg,style_0038.jpg,E:\Workspace_Codex\project002-chinese-ppcut-ppeb\data\ChinesePaperCutting\style_0060.jpg,E:\Workspace_Codex\project002-chinese-ppcut-ppeb\data\ChinesePaperCutting\style_0038.jpg,960,960,normalize_style_image
style,style_0063.jpg,style_0039.jpg,E:\Workspace_Codex\project002-chinese-ppcut-ppeb\data\ChinesePaperCutting\style_0063.jpg,E:\Workspace_Codex\project002-chinese-ppcut-ppeb\data\ChinesePaperCutting\style_0039.jpg,960,960,normalize_style_image
style,style_0064.jpg,style_0040.jpg,E:\Workspace_Codex\project002-chinese-ppcut-ppeb\data\ChinesePaperCutting\style_0064.jpg,E:\Workspace_Codex\project002-chinese-ppcut-ppeb\data\ChinesePaperCutting\style_0040.jpg,960,960,normalize_style_image
style,style_0065.jpg,style_0041.jpg,E:\Workspace_Codex\project002-chinese-ppcut-ppeb\data\ChinesePaperCutting\style_0065.jpg,E:\Workspace_Codex\project002-chinese-ppcut-ppeb\data\ChinesePaperCutting\style_0041.jpg,960,960,normalize_style_image
style,style_0066.jpg,style_0042.jpg,E:\Workspace_Codex\project002-chinese-ppcut-ppeb\data\ChinesePaperCutting\style_0066.jpg,E:\Workspace_Codex\project002-chinese-ppcut-ppeb\data\ChinesePaperCutting\style_0042.jpg,960,960,normalize_style_image
style,style_0067.jpg,style_0043.jpg,E:\Workspace_Codex\project002-chinese-ppcut-ppeb\data\ChinesePaperCutting\style_0067.jpg,E:\Workspace_Codex\project002-chinese-ppcut-ppeb\data\ChinesePaperCutting\style_0043.jpg,960,960,normalize_style_image
style,style_0069.jpg,style_0044.jpg,E:\Workspace_Codex\project002-chinese-ppcut-ppeb\data\ChinesePaperCutting\style_0069.jpg,E:\Workspace_Codex\project002-chinese-ppcut-ppeb\data\ChinesePaperCutting\style_0044.jpg,960,960,normalize_style_image
style,style_0070.jpg,style_0045.jpg,E:\Workspace_Codex\project002-chinese-ppcut-ppeb\data\ChinesePaperCutting\style_0070.jpg,E:\Workspace_Codex\project002-chinese-ppcut-ppeb\data\ChinesePaperCutting\style_0045.jpg,960,960,normalize_style_image
style,style_0071.jpg,style_0046.jpg,E:\Workspace_Codex\project002-chinese-ppcut-ppeb\data\ChinesePaperCutting\style_0071.jpg,E:\Workspace_Codex\project002-chinese-ppcut-ppeb\data\ChinesePaperCutting\style_0046.jpg,960,960,normalize_style_image
style,style_0072.jpg,style_0047.jpg,E:\Workspace_Codex\project002-chinese-ppcut-ppeb\data\ChinesePaperCutting\style_0072.jpg,E:\Workspace_Codex\project002-chinese-ppcut-ppeb\data\ChinesePaperCutting\style_0047.jpg,960,960,normalize_style_image
style,style_0073.jpg,style_0048.jpg,E:\Workspace_Codex\project002-chinese-ppcut-ppeb\data\ChinesePaperCutting\style_0073.jpg,E:\Workspace_Codex\project002-chinese-ppcut-ppeb\data\ChinesePaperCutting\style_0048.jpg,960,960,normalize_style_image
style,style_0074.jpg,style_0049.jpg,E:\Workspace_Codex\project002-chinese-ppcut-ppeb\data\ChinesePaperCutting\style_0074.jpg,E:\Workspace_Codex\project002-chinese-ppcut-ppeb\data\ChinesePaperCutting\style_0049.jpg,960,960,normalize_style_image
style,style_0075.jpg,style_0050.jpg,E:\Workspace_Codex\project002-chinese-ppcut-ppeb\data\ChinesePaperCutting\style_0075.jpg,E:\Workspace_Codex\project002-chinese-ppcut-ppeb\data\ChinesePaperCutting\style_0050.jpg,960,960,normalize_style_image
style,style_0077.jpg,style_0051.jpg,E:\Workspace_Codex\project002-chinese-ppcut-ppeb\data\ChinesePaperCutting\style_0077.jpg,E:\Workspace_Codex\project002-chinese-ppcut-ppeb\data\ChinesePaperCutting\style_0051.jpg,960,960,normalize_style_image
style,style_0078.jpg,style_0052.jpg,E:\Workspace_Codex\project002-chinese-ppcut-ppeb\data\ChinesePaperCutting\style_0078.jpg,E:\Workspace_Codex\project002-chinese-ppcut-ppeb\data\ChinesePaperCutting\style_0052.jpg,960,960,normalize_style_image
style,style_0079.jpg,style_0053.jpg,E:\Workspace_Codex\project002-chinese-ppcut-ppeb\data\ChinesePaperCutting\style_0079.jpg,E:\Workspace_Codex\project002-chinese-ppcut-ppeb\data\ChinesePaperCutting\style_0053.jpg,960,960,normalize_style_image
style,style_0080.jpg,style_0054.jpg,E:\Workspace_Codex\project002-chinese-ppcut-ppeb\data\ChinesePaperCutting\style_0080.jpg,E:\Workspace_Codex\project002-chinese-ppcut-ppeb\data\ChinesePaperCutting\style_0054.jpg,960,960,normalize_style_image
style,style_0082.jpg,style_0055.jpg,E:\Workspace_Codex\project002-chinese-ppcut-ppeb\data\ChinesePaperCutting\style_0082.jpg,E:\Workspace_Codex\project002-chinese-ppcut-ppeb\data\ChinesePaperCutting\style_0055.jpg,960,960,normalize_style_image
style,style_0083.jpg,style_0056.jpg,E:\Workspace_Codex\project002-chinese-ppcut-ppeb\data\ChinesePaperCutting\style_0083.jpg,E:\Workspace_Codex\project002-chinese-ppcut-ppeb\data\ChinesePaperCutting\style_0056.jpg,960,960,normalize_style_image
style,style_0084.jpg,style_0057.jpg,E:\Workspace_Codex\project002-chinese-ppcut-ppeb\data\ChinesePaperCutting\style_0084.jpg,E:\Workspace_Codex\project002-chinese-ppcut-ppeb\data\ChinesePaperCutting\style_0057.jpg,960,960,normalize_style_image
style,style_0085.jpg,style_0058.jpg,E:\Workspace_Codex\project002-chinese-ppcut-ppeb\data\ChinesePaperCutting\style_0085.jpg,E:\Workspace_Codex\project002-chinese-ppcut-ppeb\data\ChinesePaperCutting\style_0058.jpg,960,960,normalize_style_image
style,style_0086.jpg,style_0059.jpg,E:\Workspace_Codex\project002-chinese-ppcut-ppeb\data\ChinesePaperCutting\style_0086.jpg,E:\Workspace_Codex\project002-chinese-ppcut-ppeb\data\ChinesePaperCutting\style_0059.jpg,960,960,normalize_style_image
style,style_0087.jpg,style_0060.jpg,E:\Workspace_Codex\project002-chinese-ppcut-ppeb\data\ChinesePaperCutting\style_0087.jpg,E:\Workspace_Codex\project002-chinese-ppcut-ppeb\data\ChinesePaperCutting\style_0060.jpg,960,960,normalize_style_image
style,style_0088.jpg,style_0061.jpg,E:\Workspace_Codex\project002-chinese-ppcut-ppeb\data\ChinesePaperCutting\style_0088.jpg,E:\Workspace_Codex\project002-chinese-ppcut-ppeb\data\ChinesePaperCutting\style_0061.jpg,960,960,normalize_style_image
style,style_0090.jpg,style_0062.jpg,E:\Workspace_Codex\project002-chinese-ppcut-ppeb\data\ChinesePaperCutting\style_0090.jpg,E:\Workspace_Codex\project002-chinese-ppcut-ppeb\data\ChinesePaperCutting\style_0062.jpg,960,960,normalize_style_image
style,style_0092.jpg,style_0063.jpg,E:\Workspace_Codex\project002-chinese-ppcut-ppeb\data\ChinesePaperCutting\style_0092.jpg,E:\Workspace_Codex\project002-chinese-ppcut-ppeb\data\ChinesePaperCutting\style_0063.jpg,960,960,normalize_style_image
style,style_0095.jpg,style_0064.jpg,E:\Workspace_Codex\project002-chinese-ppcut-ppeb\data\ChinesePaperCutting\style_0095.jpg,E:\Workspace_Codex\project002-chinese-ppcut-ppeb\data\ChinesePaperCutting\style_0064.jpg,960,960,normalize_style_image
style,style_0096.jpg,style_0065.jpg,E:\Workspace_Codex\project002-chinese-ppcut-ppeb\data\ChinesePaperCutting\style_0096.jpg,E:\Workspace_Codex\project002-chinese-ppcut-ppeb\data\ChinesePaperCutting\style_0065.jpg,960,960,normalize_style_image
style,style_0098.jpg,style_0066.jpg,E:\Workspace_Codex\project002-chinese-ppcut-ppeb\data\ChinesePaperCutting\style_0098.jpg,E:\Workspace_Codex\project002-chinese-ppcut-ppeb\data\ChinesePaperCutting\style_0066.jpg,960,960,normalize_style_image
style,style_0099.jpg,style_0067.jpg,E:\Workspace_Codex\project002-chinese-ppcut-ppeb\data\ChinesePaperCutting\style_0099.jpg,E:\Workspace_Codex\project002-chinese-ppcut-ppeb\data\ChinesePaperCutting\style_0067.jpg,960,960,normalize_style_image
style,style_0100.jpg,style_0068.jpg,E:\Workspace_Codex\project002-chinese-ppcut-ppeb\data\ChinesePaperCutting\style_0100.jpg,E:\Workspace_Codex\project002-chinese-ppcut-ppeb\data\ChinesePaperCutting\style_0068.jpg,960,960,normalize_style_image
style,style_0101.jpg,style_0069.jpg,E:\Workspace_Codex\project002-chinese-ppcut-ppeb\data\ChinesePaperCutting\style_0101.jpg,E:\Workspace_Codex\project002-chinese-ppcut-ppeb\data\ChinesePaperCutting\style_0069.jpg,960,960,normalize_style_image
style,style_0102.jpg,style_0070.jpg,E:\Workspace_Codex\project002-chinese-ppcut-ppeb\data\ChinesePaperCutting\style_0102.jpg,E:\Workspace_Codex\project002-chinese-ppcut-ppeb\data\ChinesePaperCutting\style_0070.jpg,960,960,normalize_style_image
style,style_0104.jpg,style_0071.jpg,E:\Workspace_Codex\project002-chinese-ppcut-ppeb\data\ChinesePaperCutting\style_0104.jpg,E:\Workspace_Codex\project002-chinese-ppcut-ppeb\data\ChinesePaperCutting\style_0071.jpg,960,960,normalize_style_image
style,style_0106.jpg,style_0072.jpg,E:\Workspace_Codex\project002-chinese-ppcut-ppeb\data\ChinesePaperCutting\style_0106.jpg,E:\Workspace_Codex\project002-chinese-ppcut-ppeb\data\ChinesePaperCutting\style_0072.jpg,960,960,normalize_style_image
style,style_0107.jpg,style_0073.jpg,E:\Workspace_Codex\project002-chinese-ppcut-ppeb\data\ChinesePaperCutting\style_0107.jpg,E:\Workspace_Codex\project002-chinese-ppcut-ppeb\data\ChinesePaperCutting\style_0073.jpg,960,960,normalize_style_image
style,style_0109.jpg,style_0074.jpg,E:\Workspace_Codex\project002-chinese-ppcut-ppeb\data\ChinesePaperCutting\style_0109.jpg,E:\Workspace_Codex\project002-chinese-ppcut-ppeb\data\ChinesePaperCutting\style_0074.jpg,960,960,normalize_style_image
style,style_0111.jpg,style_0075.jpg,E:\Workspace_Codex\project002-chinese-ppcut-ppeb\data\ChinesePaperCutting\style_0111.jpg,E:\Workspace_Codex\project002-chinese-ppcut-ppeb\data\ChinesePaperCutting\style_0075.jpg,960,960,normalize_style_image
style,style_0112.jpg,style_0076.jpg,E:\Workspace_Codex\project002-chinese-ppcut-ppeb\data\ChinesePaperCutting\style_0112.jpg,E:\Workspace_Codex\project002-chinese-ppcut-ppeb\data\ChinesePaperCutting\style_0076.jpg,960,960,normalize_style_image
style,style_0113.jpg,style_0077.jpg,E:\Workspace_Codex\project002-chinese-ppcut-ppeb\data\ChinesePaperCutting\style_0113.jpg,E:\Workspace_Codex\project002-chinese-ppcut-ppeb\data\ChinesePaperCutting\style_0077.jpg,960,960,normalize_style_image
style,style_0114.jpg,style_0078.jpg,E:\Workspace_Codex\project002-chinese-ppcut-ppeb\data\ChinesePaperCutting\style_0114.jpg,E:\Workspace_Codex\project002-chinese-ppcut-ppeb\data\ChinesePaperCutting\style_0078.jpg,960,960,normalize_style_image
style,style_0115.jpg,style_0079.jpg,E:\Workspace_Codex\project002-chinese-ppcut-ppeb\data\ChinesePaperCutting\style_0115.jpg,E:\Workspace_Codex\project002-chinese-ppcut-ppeb\data\ChinesePaperCutting\style_0079.jpg,960,960,normalize_style_image
style,style_0116.jpg,style_0080.jpg,E:\Workspace_Codex\project002-chinese-ppcut-ppeb\data\ChinesePaperCutting\style_0116.jpg,E:\Workspace_Codex\project002-chinese-ppcut-ppeb\data\ChinesePaperCutting\style_0080.jpg,960,960,normalize_style_image
style,style_0117.jpg,style_0081.jpg,E:\Workspace_Codex\project002-chinese-ppcut-ppeb\data\ChinesePaperCutting\style_0117.jpg,E:\Workspace_Codex\project002-chinese-ppcut-ppeb\data\ChinesePaperCutting\style_0081.jpg,960,960,normalize_style_image
style,style_0118.jpg,style_0082.jpg,E:\Workspace_Codex\project002-chinese-ppcut-ppeb\data\ChinesePaperCutting\style_0118.jpg,E:\Workspace_Codex\project002-chinese-ppcut-ppeb\data\ChinesePaperCutting\style_0082.jpg,960,960,normalize_style_image
style,style_0120.jpg,style_0083.jpg,E:\Workspace_Codex\project002-chinese-ppcut-ppeb\data\ChinesePaperCutting\style_0120.jpg,E:\Workspace_Codex\project002-chinese-ppcut-ppeb\data\ChinesePaperCutting\style_0083.jpg,960,960,normalize_style_image
style,style_0121.jpg,style_0084.jpg,E:\Workspace_Codex\project002-chinese-ppcut-ppeb\data\ChinesePaperCutting\style_0121.jpg,E:\Workspace_Codex\project002-chinese-ppcut-ppeb\data\ChinesePaperCutting\style_0084.jpg,960,960,normalize_style_image
style,style_0123.jpg,style_0085.jpg,E:\Workspace_Codex\project002-chinese-ppcut-ppeb\data\ChinesePaperCutting\style_0123.jpg,E:\Workspace_Codex\project002-chinese-ppcut-ppeb\data\ChinesePaperCutting\style_0085.jpg,960,960,normalize_style_image
style,style_0124.jpg,style_0086.jpg,E:\Workspace_Codex\project002-chinese-ppcut-ppeb\data\ChinesePaperCutting\style_0124.jpg,E:\Workspace_Codex\project002-chinese-ppcut-ppeb\data\ChinesePaperCutting\style_0086.jpg,960,960,normalize_style_image
style,style_0125.jpg,style_0087.jpg,E:\Workspace_Codex\project002-chinese-ppcut-ppeb\data\ChinesePaperCutting\style_0125.jpg,E:\Workspace_Codex\project002-chinese-ppcut-ppeb\data\ChinesePaperCutting\style_0087.jpg,960,960,normalize_style_image
style,style_0126.jpg,style_0088.jpg,E:\Workspace_Codex\project002-chinese-ppcut-ppeb\data\ChinesePaperCutting\style_0126.jpg,E:\Workspace_Codex\project002-chinese-ppcut-ppeb\data\ChinesePaperCutting\style_0088.jpg,960,960,normalize_style_image
style,style_0127.jpg,style_0089.jpg,E:\Workspace_Codex\project002-chinese-ppcut-ppeb\data\ChinesePaperCutting\style_0127.jpg,E:\Workspace_Codex\project002-chinese-ppcut-ppeb\data\ChinesePaperCutting\style_0089.jpg,960,960,normalize_style_image
style,style_0128.jpg,style_0090.jpg,E:\Workspace_Codex\project002-chinese-ppcut-ppeb\data\ChinesePaperCutting\style_0128.jpg,E:\Workspace_Codex\project002-chinese-ppcut-ppeb\data\ChinesePaperCutting\style_0090.jpg,960,960,normalize_style_image
style,style_0129.jpg,style_0091.jpg,E:\Workspace_Codex\project002-chinese-ppcut-ppeb\data\ChinesePaperCutting\style_0129.jpg,E:\Workspace_Codex\project002-chinese-ppcut-ppeb\data\ChinesePaperCutting\style_0091.jpg,960,960,normalize_style_image
style,style_0131.jpg,style_0092.jpg,E:\Workspace_Codex\project002-chinese-ppcut-ppeb\data\ChinesePaperCutting\style_0131.jpg,E:\Workspace_Codex\project002-chinese-ppcut-ppeb\data\ChinesePaperCutting\style_0092.jpg,960,960,normalize_style_image
style,style_0132.jpg,style_0093.jpg,E:\Workspace_Codex\project002-chinese-ppcut-ppeb\data\ChinesePaperCutting\style_0132.jpg,E:\Workspace_Codex\project002-chinese-ppcut-ppeb\data\ChinesePaperCutting\style_0093.jpg,960,960,normalize_style_image
style,style_0133.jpg,style_0094.jpg,E:\Workspace_Codex\project002-chinese-ppcut-ppeb\data\ChinesePaperCutting\style_0133.jpg,E:\Workspace_Codex\project002-chinese-ppcut-ppeb\data\ChinesePaperCutting\style_0094.jpg,960,960,normalize_style_image
style,style_0136.jpg,style_0095.jpg,E:\Workspace_Codex\project002-chinese-ppcut-ppeb\data\ChinesePaperCutting\style_0136.jpg,E:\Workspace_Codex\project002-chinese-ppcut-ppeb\data\ChinesePaperCutting\style_0095.jpg,960,960,normalize_style_image
style,style_0137.jpg,style_0096.jpg,E:\Workspace_Codex\project002-chinese-ppcut-ppeb\data\ChinesePaperCutting\style_0137.jpg,E:\Workspace_Codex\project002-chinese-ppcut-ppeb\data\ChinesePaperCutting\style_0096.jpg,960,960,normalize_style_image
style,style_0138.jpg,style_0097.jpg,E:\Workspace_Codex\project002-chinese-ppcut-ppeb\data\ChinesePaperCutting\style_0138.jpg,E:\Workspace_Codex\project002-chinese-ppcut-ppeb\data\ChinesePaperCutting\style_0097.jpg,960,960,normalize_style_image
style,style_0139.jpg,style_0098.jpg,E:\Workspace_Codex\project002-chinese-ppcut-ppeb\data\ChinesePaperCutting\style_0139.jpg,E:\Workspace_Codex\project002-chinese-ppcut-ppeb\data\ChinesePaperCutting\style_0098.jpg,960,960,normalize_style_image
style,style_0140.jpg,style_0099.jpg,E:\Workspace_Codex\project002-chinese-ppcut-ppeb\data\ChinesePaperCutting\style_0140.jpg,E:\Workspace_Codex\project002-chinese-ppcut-ppeb\data\ChinesePaperCutting\style_0099.jpg,960,960,normalize_style_image
style,style_0142.jpg,style_0100.jpg,E:\Workspace_Codex\project002-chinese-ppcut-ppeb\data\ChinesePaperCutting\style_0142.jpg,E:\Workspace_Codex\project002-chinese-ppcut-ppeb\data\ChinesePaperCutting\style_0100.jpg,960,960,normalize_style_image
style,style_0143.jpg,style_0101.jpg,E:\Workspace_Codex\project002-chinese-ppcut-ppeb\data\ChinesePaperCutting\style_0143.jpg,E:\Workspace_Codex\project002-chinese-ppcut-ppeb\data\ChinesePaperCutting\style_0101.jpg,960,960,normalize_style_image
style,style_0144.jpg,style_0102.jpg,E:\Workspace_Codex\project002-chinese-ppcut-ppeb\data\ChinesePaperCutting\style_0144.jpg,E:\Workspace_Codex\project002-chinese-ppcut-ppeb\data\ChinesePaperCutting\style_0102.jpg,960,960,normalize_style_image
style,style_0145.jpg,style_0103.jpg,E:\Workspace_Codex\project002-chinese-ppcut-ppeb\data\ChinesePaperCutting\style_0145.jpg,E:\Workspace_Codex\project002-chinese-ppcut-ppeb\data\ChinesePaperCutting\style_0103.jpg,960,960,normalize_style_image
style,style_0146.jpg,style_0104.jpg,E:\Workspace_Codex\project002-chinese-ppcut-ppeb\data\ChinesePaperCutting\style_0146.jpg,E:\Workspace_Codex\project002-chinese-ppcut-ppeb\data\ChinesePaperCutting\style_0104.jpg,960,960,normalize_style_image
style,style_0147.jpg,style_0105.jpg,E:\Workspace_Codex\project002-chinese-ppcut-ppeb\data\ChinesePaperCutting\style_0147.jpg,E:\Workspace_Codex\project002-chinese-ppcut-ppeb\data\ChinesePaperCutting\style_0105.jpg,960,960,normalize_style_image
style,style_0148.jpg,style_0106.jpg,E:\Workspace_Codex\project002-chinese-ppcut-ppeb\data\ChinesePaperCutting\style_0148.jpg,E:\Workspace_Codex\project002-chinese-ppcut-ppeb\data\ChinesePaperCutting\style_0106.jpg,960,960,normalize_style_image
style,style_0149.jpg,style_0107.jpg,E:\Workspace_Codex\project002-chinese-ppcut-ppeb\data\ChinesePaperCutting\style_0149.jpg,E:\Workspace_Codex\project002-chinese-ppcut-ppeb\data\ChinesePaperCutting\style_0107.jpg,960,960,normalize_style_image
style,style_0150.jpg,style_0108.jpg,E:\Workspace_Codex\project002-chinese-ppcut-ppeb\data\ChinesePaperCutting\style_0150.jpg,E:\Workspace_Codex\project002-chinese-ppcut-ppeb\data\ChinesePaperCutting\style_0108.jpg,960,960,normalize_style_image
style,style_0151.jpg,style_0109.jpg,E:\Workspace_Codex\project002-chinese-ppcut-ppeb\data\ChinesePaperCutting\style_0151.jpg,E:\Workspace_Codex\project002-chinese-ppcut-ppeb\data\ChinesePaperCutting\style_0109.jpg,960,960,normalize_style_image
style,style_0155.jpg,style_0110.jpg,E:\Workspace_Codex\project002-chinese-ppcut-ppeb\data\ChinesePaperCutting\style_0155.jpg,E:\Workspace_Codex\project002-chinese-ppcut-ppeb\data\ChinesePaperCutting\style_0110.jpg,960,960,normalize_style_image
style,style_0156.jpg,style_0111.jpg,E:\Workspace_Codex\project002-chinese-ppcut-ppeb\data\ChinesePaperCutting\style_0156.jpg,E:\Workspace_Codex\project002-chinese-ppcut-ppeb\data\ChinesePaperCutting\style_0111.jpg,960,960,normalize_style_image
style,style_0157.jpg,style_0112.jpg,E:\Workspace_Codex\project002-chinese-ppcut-ppeb\data\ChinesePaperCutting\style_0157.jpg,E:\Workspace_Codex\project002-chinese-ppcut-ppeb\data\ChinesePaperCutting\style_0112.jpg,960,960,normalize_style_image
style,style_0158.jpg,style_0113.jpg,E:\Workspace_Codex\project002-chinese-ppcut-ppeb\data\ChinesePaperCutting\style_0158.jpg,E:\Workspace_Codex\project002-chinese-ppcut-ppeb\data\ChinesePaperCutting\style_0113.jpg,960,960,normalize_style_image
style,style_0159.jpg,style_0114.jpg,E:\Workspace_Codex\project002-chinese-ppcut-ppeb\data\ChinesePaperCutting\style_0159.jpg,E:\Workspace_Codex\project002-chinese-ppcut-ppeb\data\ChinesePaperCutting\style_0114.jpg,960,960,normalize_style_image
style,style_0161.jpg,style_0115.jpg,E:\Workspace_Codex\project002-chinese-ppcut-ppeb\data\ChinesePaperCutting\style_0161.jpg,E:\Workspace_Codex\project002-chinese-ppcut-ppeb\data\ChinesePaperCutting\style_0115.jpg,960,960,normalize_style_image
style,style_0162.jpg,style_0116.jpg,E:\Workspace_Codex\project002-chinese-ppcut-ppeb\data\ChinesePaperCutting\style_0162.jpg,E:\Workspace_Codex\project002-chinese-ppcut-ppeb\data\ChinesePaperCutting\style_0116.jpg,960,960,normalize_style_image
style,style_0165.jpg,style_0117.jpg,E:\Workspace_Codex\project002-chinese-ppcut-ppeb\data\ChinesePaperCutting\style_0165.jpg,E:\Workspace_Codex\project002-chinese-ppcut-ppeb\data\ChinesePaperCutting\style_0117.jpg,960,960,normalize_style_image
style,style_0166.jpg,style_0118.jpg,E:\Workspace_Codex\project002-chinese-ppcut-ppeb\data\ChinesePaperCutting\style_0166.jpg,E:\Workspace_Codex\project002-chinese-ppcut-ppeb\data\ChinesePaperCutting\style_0118.jpg,960,960,normalize_style_image
style,style_0167.jpg,style_0119.jpg,E:\Workspace_Codex\project002-chinese-ppcut-ppeb\data\ChinesePaperCutting\style_0167.jpg,E:\Workspace_Codex\project002-chinese-ppcut-ppeb\data\ChinesePaperCutting\style_0119.jpg,960,960,normalize_style_image
style,style_0168.jpg,style_0120.jpg,E:\Workspace_Codex\project002-chinese-ppcut-ppeb\data\ChinesePaperCutting\style_0168.jpg,E:\Workspace_Codex\project002-chinese-ppcut-ppeb\data\ChinesePaperCutting\style_0120.jpg,960,960,normalize_style_image
style,style_0169.jpg,style_0121.jpg,E:\Workspace_Codex\project002-chinese-ppcut-ppeb\data\ChinesePaperCutting\style_0169.jpg,E:\Workspace_Codex\project002-chinese-ppcut-ppeb\data\ChinesePaperCutting\style_0121.jpg,960,960,normalize_style_image
style,style_0170.jpg,style_0122.jpg,E:\Workspace_Codex\project002-chinese-ppcut-ppeb\data\ChinesePaperCutting\style_0170.jpg,E:\Workspace_Codex\project002-chinese-ppcut-ppeb\data\ChinesePaperCutting\style_0122.jpg,960,960,normalize_style_image
style,style_0171.jpg,style_0123.jpg,E:\Workspace_Codex\project002-chinese-ppcut-ppeb\data\ChinesePaperCutting\style_0171.jpg,E:\Workspace_Codex\project002-chinese-ppcut-ppeb\data\ChinesePaperCutting\style_0123.jpg,960,960,normalize_style_image
style,style_0172.jpg,style_0124.jpg,E:\Workspace_Codex\project002-chinese-ppcut-ppeb\data\ChinesePaperCutting\style_0172.jpg,E:\Workspace_Codex\project002-chinese-ppcut-ppeb\data\ChinesePaperCutting\style_0124.jpg,960,960,normalize_style_image
style,style_0173.jpg,style_0125.jpg,E:\Workspace_Codex\project002-chinese-ppcut-ppeb\data\ChinesePaperCutting\style_0173.jpg,E:\Workspace_Codex\project002-chinese-ppcut-ppeb\data\ChinesePaperCutting\style_0125.jpg,960,960,normalize_style_image
style,style_0174.jpg,style_0126.jpg,E:\Workspace_Codex\project002-chinese-ppcut-ppeb\data\ChinesePaperCutting\style_0174.jpg,E:\Workspace_Codex\project002-chinese-ppcut-ppeb\data\ChinesePaperCutting\style_0126.jpg,960,960,normalize_style_image
style,style_0178.jpg,style_0127.jpg,E:\Workspace_Codex\project002-chinese-ppcut-ppeb\data\ChinesePaperCutting\style_0178.jpg,E:\Workspace_Codex\project002-chinese-ppcut-ppeb\data\ChinesePaperCutting\style_0127.jpg,960,960,normalize_style_image
style,style_0179.jpg,style_0128.jpg,E:\Workspace_Codex\project002-chinese-ppcut-ppeb\data\ChinesePaperCutting\style_0179.jpg,E:\Workspace_Codex\project002-chinese-ppcut-ppeb\data\ChinesePaperCutting\style_0128.jpg,960,960,normalize_style_image
style,style_0183.jpg,style_0129.jpg,E:\Workspace_Codex\project002-chinese-ppcut-ppeb\data\ChinesePaperCutting\style_0183.jpg,E:\Workspace_Codex\project002-chinese-ppcut-ppeb\data\ChinesePaperCutting\style_0129.jpg,960,960,normalize_style_image
style,style_0185.jpg,style_0130.jpg,E:\Workspace_Codex\project002-chinese-ppcut-ppeb\data\ChinesePaperCutting\style_0185.jpg,E:\Workspace_Codex\project002-chinese-ppcut-ppeb\data\ChinesePaperCutting\style_0130.jpg,960,960,normalize_style_image
style,style_0186.jpg,style_0131.jpg,E:\Workspace_Codex\project002-chinese-ppcut-ppeb\data\ChinesePaperCutting\style_0186.jpg,E:\Workspace_Codex\project002-chinese-ppcut-ppeb\data\ChinesePaperCutting\style_0131.jpg,960,960,normalize_style_image
style,style_0187.jpg,style_0132.jpg,E:\Workspace_Codex\project002-chinese-ppcut-ppeb\data\ChinesePaperCutting\style_0187.jpg,E:\Workspace_Codex\project002-chinese-ppcut-ppeb\data\ChinesePaperCutting\style_0132.jpg,960,960,normalize_style_image
style,style_0189.jpg,style_0133.jpg,E:\Workspace_Codex\project002-chinese-ppcut-ppeb\data\ChinesePaperCutting\style_0189.jpg,E:\Workspace_Codex\project002-chinese-ppcut-ppeb\data\ChinesePaperCutting\style_0133.jpg,960,960,normalize_style_image
style,style_0190.jpg,style_0134.jpg,E:\Workspace_Codex\project002-chinese-ppcut-ppeb\data\ChinesePaperCutting\style_0190.jpg,E:\Workspace_Codex\project002-chinese-ppcut-ppeb\data\ChinesePaperCutting\style_0134.jpg,960,960,normalize_style_image
style,style_0191.jpg,style_0135.jpg,E:\Workspace_Codex\project002-chinese-ppcut-ppeb\data\ChinesePaperCutting\style_0191.jpg,E:\Workspace_Codex\project002-chinese-ppcut-ppeb\data\ChinesePaperCutting\style_0135.jpg,960,960,normalize_style_image
style,style_0192.jpg,style_0136.jpg,E:\Workspace_Codex\project002-chinese-ppcut-ppeb\data\ChinesePaperCutting\style_0192.jpg,E:\Workspace_Codex\project002-chinese-ppcut-ppeb\data\ChinesePaperCutting\style_0136.jpg,960,960,normalize_style_image
style,style_0193.jpg,style_0137.jpg,E:\Workspace_Codex\project002-chinese-ppcut-ppeb\data\ChinesePaperCutting\style_0193.jpg,E:\Workspace_Codex\project002-chinese-ppcut-ppeb\data\ChinesePaperCutting\style_0137.jpg,960,960,normalize_style_image
style,style_0194.jpg,style_0138.jpg,E:\Workspace_Codex\project002-chinese-ppcut-ppeb\data\ChinesePaperCutting\style_0194.jpg,E:\Workspace_Codex\project002-chinese-ppcut-ppeb\data\ChinesePaperCutting\style_0138.jpg,960,960,normalize_style_image
style,style_0195.jpg,style_0139.jpg,E:\Workspace_Codex\project002-chinese-ppcut-ppeb\data\ChinesePaperCutting\style_0195.jpg,E:\Workspace_Codex\project002-chinese-ppcut-ppeb\data\ChinesePaperCutting\style_0139.jpg,960,960,normalize_style_image
style,style_0196.jpg,style_0140.jpg,E:\Workspace_Codex\project002-chinese-ppcut-ppeb\data\ChinesePaperCutting\style_0196.jpg,E:\Workspace_Codex\project002-chinese-ppcut-ppeb\data\ChinesePaperCutting\style_0140.jpg,960,960,normalize_style_image
style,style_0197.jpg,style_0141.jpg,E:\Workspace_Codex\project002-chinese-ppcut-ppeb\data\ChinesePaperCutting\style_0197.jpg,E:\Workspace_Codex\project002-chinese-ppcut-ppeb\data\ChinesePaperCutting\style_0141.jpg,960,960,normalize_style_image
style,style_0199.jpg,style_0142.jpg,E:\Workspace_Codex\project002-chinese-ppcut-ppeb\data\ChinesePaperCutting\style_0199.jpg,E:\Workspace_Codex\project002-chinese-ppcut-ppeb\data\ChinesePaperCutting\style_0142.jpg,960,960,normalize_style_image
style,style_0200.jpg,style_0143.jpg,E:\Workspace_Codex\project002-chinese-ppcut-ppeb\data\ChinesePaperCutting\style_0200.jpg,E:\Workspace_Codex\project002-chinese-ppcut-ppeb\data\ChinesePaperCutting\style_0143.jpg,960,960,normalize_style_image
style,style_0202.jpg,style_0144.jpg,E:\Workspace_Codex\project002-chinese-ppcut-ppeb\data\ChinesePaperCutting\style_0202.jpg,E:\Workspace_Codex\project002-chinese-ppcut-ppeb\data\ChinesePaperCutting\style_0144.jpg,960,960,normalize_style_image
style,style_0203.jpg,style_0145.jpg,E:\Workspace_Codex\project002-chinese-ppcut-ppeb\data\ChinesePaperCutting\style_0203.jpg,E:\Workspace_Codex\project002-chinese-ppcut-ppeb\data\ChinesePaperCutting\style_0145.jpg,960,960,normalize_style_image
style,style_0207.jpg,style_0146.jpg,E:\Workspace_Codex\project002-chinese-ppcut-ppeb\data\ChinesePaperCutting\style_0207.jpg,E:\Workspace_Codex\project002-chinese-ppcut-ppeb\data\ChinesePaperCutting\style_0146.jpg,960,960,normalize_style_image
style,style_0208.jpg,style_0147.jpg,E:\Workspace_Codex\project002-chinese-ppcut-ppeb\data\ChinesePaperCutting\style_0208.jpg,E:\Workspace_Codex\project002-chinese-ppcut-ppeb\data\ChinesePaperCutting\style_0147.jpg,960,960,normalize_style_image
style,style_0209.jpg,style_0148.jpg,E:\Workspace_Codex\project002-chinese-ppcut-ppeb\data\ChinesePaperCutting\style_0209.jpg,E:\Workspace_Codex\project002-chinese-ppcut-ppeb\data\ChinesePaperCutting\style_0148.jpg,960,960,normalize_style_image
style,style_0211.jpg,style_0149.jpg,E:\Workspace_Codex\project002-chinese-ppcut-ppeb\data\ChinesePaperCutting\style_0211.jpg,E:\Workspace_Codex\project002-chinese-ppcut-ppeb\data\ChinesePaperCutting\style_0149.jpg,960,960,normalize_style_image
style,style_0213.jpg,style_0150.jpg,E:\Workspace_Codex\project002-chinese-ppcut-ppeb\data\ChinesePaperCutting\style_0213.jpg,E:\Workspace_Codex\project002-chinese-ppcut-ppeb\data\ChinesePaperCutting\style_0150.jpg,960,960,normalize_style_image
style,style_0214.jpg,style_0151.jpg,E:\Workspace_Codex\project002-chinese-ppcut-ppeb\data\ChinesePaperCutting\style_0214.jpg,E:\Workspace_Codex\project002-chinese-ppcut-ppeb\data\ChinesePaperCutting\style_0151.jpg,960,960,normalize_style_image
style,style_0216.jpg,style_0152.jpg,E:\Workspace_Codex\project002-chinese-ppcut-ppeb\data\ChinesePaperCutting\style_0216.jpg,E:\Workspace_Codex\project002-chinese-ppcut-ppeb\data\ChinesePaperCutting\style_0152.jpg,960,960,normalize_style_image
style,style_0218.jpg,style_0153.jpg,E:\Workspace_Codex\project002-chinese-ppcut-ppeb\data\ChinesePaperCutting\style_0218.jpg,E:\Workspace_Codex\project002-chinese-ppcut-ppeb\data\ChinesePaperCutting\style_0153.jpg,960,960,normalize_style_image
style,style_0219.jpg,style_0154.jpg,E:\Workspace_Codex\project002-chinese-ppcut-ppeb\data\ChinesePaperCutting\style_0219.jpg,E:\Workspace_Codex\project002-chinese-ppcut-ppeb\data\ChinesePaperCutting\style_0154.jpg,960,960,normalize_style_image
style,style_0220.jpg,style_0155.jpg,E:\Workspace_Codex\project002-chinese-ppcut-ppeb\data\ChinesePaperCutting\style_0220.jpg,E:\Workspace_Codex\project002-chinese-ppcut-ppeb\data\ChinesePaperCutting\style_0155.jpg,960,960,normalize_style_image
style,style_0221.jpg,style_0156.jpg,E:\Workspace_Codex\project002-chinese-ppcut-ppeb\data\ChinesePaperCutting\style_0221.jpg,E:\Workspace_Codex\project002-chinese-ppcut-ppeb\data\ChinesePaperCutting\style_0156.jpg,960,960,normalize_style_image
style,style_0222.jpg,style_0157.jpg,E:\Workspace_Codex\project002-chinese-ppcut-ppeb\data\ChinesePaperCutting\style_0222.jpg,E:\Workspace_Codex\project002-chinese-ppcut-ppeb\data\ChinesePaperCutting\style_0157.jpg,960,960,normalize_style_image
style,style_0223.jpg,style_0158.jpg,E:\Workspace_Codex\project002-chinese-ppcut-ppeb\data\ChinesePaperCutting\style_0223.jpg,E:\Workspace_Codex\project002-chinese-ppcut-ppeb\data\ChinesePaperCutting\style_0158.jpg,960,960,normalize_style_image
style,style_0224.jpg,style_0159.jpg,E:\Workspace_Codex\project002-chinese-ppcut-ppeb\data\ChinesePaperCutting\style_0224.jpg,E:\Workspace_Codex\project002-chinese-ppcut-ppeb\data\ChinesePaperCutting\style_0159.jpg,960,960,normalize_style_image
style,style_0225.jpg,style_0160.jpg,E:\Workspace_Codex\project002-chinese-ppcut-ppeb\data\ChinesePaperCutting\style_0225.jpg,E:\Workspace_Codex\project002-chinese-ppcut-ppeb\data\ChinesePaperCutting\style_0160.jpg,960,960,normalize_style_image
style,style_0226.jpg,style_0161.jpg,E:\Workspace_Codex\project002-chinese-ppcut-ppeb\data\ChinesePaperCutting\style_0226.jpg,E:\Workspace_Codex\project002-chinese-ppcut-ppeb\data\ChinesePaperCutting\style_0161.jpg,960,960,normalize_style_image
style,style_0228.jpg,style_0162.jpg,E:\Workspace_Codex\project002-chinese-ppcut-ppeb\data\ChinesePaperCutting\style_0228.jpg,E:\Workspace_Codex\project002-chinese-ppcut-ppeb\data\ChinesePaperCutting\style_0162.jpg,960,960,normalize_style_image
style,style_0229.jpg,style_0163.jpg,E:\Workspace_Codex\project002-chinese-ppcut-ppeb\data\ChinesePaperCutting\style_0229.jpg,E:\Workspace_Codex\project002-chinese-ppcut-ppeb\data\ChinesePaperCutting\style_0163.jpg,960,960,normalize_style_image
style,style_0231.jpg,style_0164.jpg,E:\Workspace_Codex\project002-chinese-ppcut-ppeb\data\ChinesePaperCutting\style_0231.jpg,E:\Workspace_Codex\project002-chinese-ppcut-ppeb\data\ChinesePaperCutting\style_0164.jpg,960,960,normalize_style_image
style,style_0232.jpg,style_0165.jpg,E:\Workspace_Codex\project002-chinese-ppcut-ppeb\data\ChinesePaperCutting\style_0232.jpg,E:\Workspace_Codex\project002-chinese-ppcut-ppeb\data\ChinesePaperCutting\style_0165.jpg,960,960,normalize_style_image
style,style_0233.jpg,style_0166.jpg,E:\Workspace_Codex\project002-chinese-ppcut-ppeb\data\ChinesePaperCutting\style_0233.jpg,E:\Workspace_Codex\project002-chinese-ppcut-ppeb\data\ChinesePaperCutting\style_0166.jpg,960,960,normalize_style_image
style,style_0234.jpg,style_0167.jpg,E:\Workspace_Codex\project002-chinese-ppcut-ppeb\data\ChinesePaperCutting\style_0234.jpg,E:\Workspace_Codex\project002-chinese-ppcut-ppeb\data\ChinesePaperCutting\style_0167.jpg,960,960,normalize_style_image
style,style_0236.jpg,style_0168.jpg,E:\Workspace_Codex\project002-chinese-ppcut-ppeb\data\ChinesePaperCutting\style_0236.jpg,E:\Workspace_Codex\project002-chinese-ppcut-ppeb\data\ChinesePaperCutting\style_0168.jpg,960,960,normalize_style_image
style,style_0237.jpg,style_0169.jpg,E:\Workspace_Codex\project002-chinese-ppcut-ppeb\data\ChinesePaperCutting\style_0237.jpg,E:\Workspace_Codex\project002-chinese-ppcut-ppeb\data\ChinesePaperCutting\style_0169.jpg,960,960,normalize_style_image
style,style_0238.jpg,style_0170.jpg,E:\Workspace_Codex\project002-chinese-ppcut-ppeb\data\ChinesePaperCutting\style_0238.jpg,E:\Workspace_Codex\project002-chinese-ppcut-ppeb\data\ChinesePaperCutting\style_0170.jpg,960,960,normalize_style_image
style,style_0239.jpg,style_0171.jpg,E:\Workspace_Codex\project002-chinese-ppcut-ppeb\data\ChinesePaperCutting\style_0239.jpg,E:\Workspace_Codex\project002-chinese-ppcut-ppeb\data\ChinesePaperCutting\style_0171.jpg,960,960,normalize_style_image
style,style_0240.jpg,style_0172.jpg,E:\Workspace_Codex\project002-chinese-ppcut-ppeb\data\ChinesePaperCutting\style_0240.jpg,E:\Workspace_Codex\project002-chinese-ppcut-ppeb\data\ChinesePaperCutting\style_0172.jpg,960,960,normalize_style_image
style,style_0241.jpg,style_0173.jpg,E:\Workspace_Codex\project002-chinese-ppcut-ppeb\data\ChinesePaperCutting\style_0241.jpg,E:\Workspace_Codex\project002-chinese-ppcut-ppeb\data\ChinesePaperCutting\style_0173.jpg,960,960,normalize_style_image
style,style_0243.jpg,style_0174.jpg,E:\Workspace_Codex\project002-chinese-ppcut-ppeb\data\ChinesePaperCutting\style_0243.jpg,E:\Workspace_Codex\project002-chinese-ppcut-ppeb\data\ChinesePaperCutting\style_0174.jpg,960,960,normalize_style_image
style,style_0244.jpg,style_0175.jpg,E:\Workspace_Codex\project002-chinese-ppcut-ppeb\data\ChinesePaperCutting\style_0244.jpg,E:\Workspace_Codex\project002-chinese-ppcut-ppeb\data\ChinesePaperCutting\style_0175.jpg,960,960,normalize_style_image
style,style_0246.jpg,style_0176.jpg,E:\Workspace_Codex\project002-chinese-ppcut-ppeb\data\ChinesePaperCutting\style_0246.jpg,E:\Workspace_Codex\project002-chinese-ppcut-ppeb\data\ChinesePaperCutting\style_0176.jpg,960,960,normalize_style_image
style,style_0248.jpg,style_0177.jpg,E:\Workspace_Codex\project002-chinese-ppcut-ppeb\data\ChinesePaperCutting\style_0248.jpg,E:\Workspace_Codex\project002-chinese-ppcut-ppeb\data\ChinesePaperCutting\style_0177.jpg,960,960,normalize_style_image
style,style_0249.jpg,style_0178.jpg,E:\Workspace_Codex\project002-chinese-ppcut-ppeb\data\ChinesePaperCutting\style_0249.jpg,E:\Workspace_Codex\project002-chinese-ppcut-ppeb\data\ChinesePaperCutting\style_0178.jpg,960,960,normalize_style_image
style,style_0253.jpg,style_0179.jpg,E:\Workspace_Codex\project002-chinese-ppcut-ppeb\data\ChinesePaperCutting\style_0253.jpg,E:\Workspace_Codex\project002-chinese-ppcut-ppeb\data\ChinesePaperCutting\style_0179.jpg,960,960,normalize_style_image
style,style_0254.jpg,style_0180.jpg,E:\Workspace_Codex\project002-chinese-ppcut-ppeb\data\ChinesePaperCutting\style_0254.jpg,E:\Workspace_Codex\project002-chinese-ppcut-ppeb\data\ChinesePaperCutting\style_0180.jpg,960,960,normalize_style_image
style,style_0255.jpg,style_0181.jpg,E:\Workspace_Codex\project002-chinese-ppcut-ppeb\data\ChinesePaperCutting\style_0255.jpg,E:\Workspace_Codex\project002-chinese-ppcut-ppeb\data\ChinesePaperCutting\style_0181.jpg,960,960,normalize_style_image
style,style_0257.jpg,style_0182.jpg,E:\Workspace_Codex\project002-chinese-ppcut-ppeb\data\ChinesePaperCutting\style_0257.jpg,E:\Workspace_Codex\project002-chinese-ppcut-ppeb\data\ChinesePaperCutting\style_0182.jpg,960,960,normalize_style_image
style,style_0258.jpg,style_0183.jpg,E:\Workspace_Codex\project002-chinese-ppcut-ppeb\data\ChinesePaperCutting\style_0258.jpg,E:\Workspace_Codex\project002-chinese-ppcut-ppeb\data\ChinesePaperCutting\style_0183.jpg,960,960,normalize_style_image
style,style_0259.jpg,style_0184.jpg,E:\Workspace_Codex\project002-chinese-ppcut-ppeb\data\ChinesePaperCutting\style_0259.jpg,E:\Workspace_Codex\project002-chinese-ppcut-ppeb\data\ChinesePaperCutting\style_0184.jpg,960,960,normalize_style_image
style,style_0260.jpg,style_0185.jpg,E:\Workspace_Codex\project002-chinese-ppcut-ppeb\data\ChinesePaperCutting\style_0260.jpg,E:\Workspace_Codex\project002-chinese-ppcut-ppeb\data\ChinesePaperCutting\style_0185.jpg,960,960,normalize_style_image
style,style_0261.jpg,style_0186.jpg,E:\Workspace_Codex\project002-chinese-ppcut-ppeb\data\ChinesePaperCutting\style_0261.jpg,E:\Workspace_Codex\project002-chinese-ppcut-ppeb\data\ChinesePaperCutting\style_0186.jpg,960,960,normalize_style_image
style,style_0262.jpg,style_0187.jpg,E:\Workspace_Codex\project002-chinese-ppcut-ppeb\data\ChinesePaperCutting\style_0262.jpg,E:\Workspace_Codex\project002-chinese-ppcut-ppeb\data\ChinesePaperCutting\style_0187.jpg,960,960,normalize_style_image
style,style_0264.jpg,style_0188.jpg,E:\Workspace_Codex\project002-chinese-ppcut-ppeb\data\ChinesePaperCutting\style_0264.jpg,E:\Workspace_Codex\project002-chinese-ppcut-ppeb\data\ChinesePaperCutting\style_0188.jpg,960,960,normalize_style_image
style,style_0265.jpg,style_0189.jpg,E:\Workspace_Codex\project002-chinese-ppcut-ppeb\data\ChinesePaperCutting\style_0265.jpg,E:\Workspace_Codex\project002-chinese-ppcut-ppeb\data\ChinesePaperCutting\style_0189.jpg,960,960,normalize_style_image
style,style_0267.jpg,style_0190.jpg,E:\Workspace_Codex\project002-chinese-ppcut-ppeb\data\ChinesePaperCutting\style_0267.jpg,E:\Workspace_Codex\project002-chinese-ppcut-ppeb\data\ChinesePaperCutting\style_0190.jpg,960,960,normalize_style_image
style,style_0268.jpg,style_0191.jpg,E:\Workspace_Codex\project002-chinese-ppcut-ppeb\data\ChinesePaperCutting\style_0268.jpg,E:\Workspace_Codex\project002-chinese-ppcut-ppeb\data\ChinesePaperCutting\style_0191.jpg,960,960,normalize_style_image
style,style_0269.jpg,style_0192.jpg,E:\Workspace_Codex\project002-chinese-ppcut-ppeb\data\ChinesePaperCutting\style_0269.jpg,E:\Workspace_Codex\project002-chinese-ppcut-ppeb\data\ChinesePaperCutting\style_0192.jpg,960,960,normalize_style_image
style,style_0270.jpg,style_0193.jpg,E:\Workspace_Codex\project002-chinese-ppcut-ppeb\data\ChinesePaperCutting\style_0270.jpg,E:\Workspace_Codex\project002-chinese-ppcut-ppeb\data\ChinesePaperCutting\style_0193.jpg,960,960,normalize_style_image
style,style_0273.jpg,style_0194.jpg,E:\Workspace_Codex\project002-chinese-ppcut-ppeb\data\ChinesePaperCutting\style_0273.jpg,E:\Workspace_Codex\project002-chinese-ppcut-ppeb\data\ChinesePaperCutting\style_0194.jpg,960,960,normalize_style_image
style,style_0274.jpg,style_0195.jpg,E:\Workspace_Codex\project002-chinese-ppcut-ppeb\data\ChinesePaperCutting\style_0274.jpg,E:\Workspace_Codex\project002-chinese-ppcut-ppeb\data\ChinesePaperCutting\style_0195.jpg,960,960,normalize_style_image
style,style_0275.jpg,style_0196.jpg,E:\Workspace_Codex\project002-chinese-ppcut-ppeb\data\ChinesePaperCutting\style_0275.jpg,E:\Workspace_Codex\project002-chinese-ppcut-ppeb\data\ChinesePaperCutting\style_0196.jpg,960,960,normalize_style_image
style,style_0277.jpg,style_0197.jpg,E:\Workspace_Codex\project002-chinese-ppcut-ppeb\data\ChinesePaperCutting\style_0277.jpg,E:\Workspace_Codex\project002-chinese-ppcut-ppeb\data\ChinesePaperCutting\style_0197.jpg,960,960,normalize_style_image
style,style_0278.jpg,style_0198.jpg,E:\Workspace_Codex\project002-chinese-ppcut-ppeb\data\ChinesePaperCutting\style_0278.jpg,E:\Workspace_Codex\project002-chinese-ppcut-ppeb\data\ChinesePaperCutting\style_0198.jpg,960,960,normalize_style_image
style,style_0279.jpg,style_0199.jpg,E:\Workspace_Codex\project002-chinese-ppcut-ppeb\data\ChinesePaperCutting\style_0279.jpg,E:\Workspace_Codex\project002-chinese-ppcut-ppeb\data\ChinesePaperCutting\style_0199.jpg,960,960,normalize_style_image
style,style_0280.jpg,style_0200.jpg,E:\Workspace_Codex\project002-chinese-ppcut-ppeb\data\ChinesePaperCutting\style_0280.jpg,E:\Workspace_Codex\project002-chinese-ppcut-ppeb\data\ChinesePaperCutting\style_0200.jpg,960,960,normalize_style_image
style,style_0281.jpg,style_0201.jpg,E:\Workspace_Codex\project002-chinese-ppcut-ppeb\data\ChinesePaperCutting\style_0281.jpg,E:\Workspace_Codex\project002-chinese-ppcut-ppeb\data\ChinesePaperCutting\style_0201.jpg,960,960,normalize_style_image
style,style_0282.jpg,style_0202.jpg,E:\Workspace_Codex\project002-chinese-ppcut-ppeb\data\ChinesePaperCutting\style_0282.jpg,E:\Workspace_Codex\project002-chinese-ppcut-ppeb\data\ChinesePaperCutting\style_0202.jpg,960,960,normalize_style_image
style,style_0283.jpg,style_0203.jpg,E:\Workspace_Codex\project002-chinese-ppcut-ppeb\data\ChinesePaperCutting\style_0283.jpg,E:\Workspace_Codex\project002-chinese-ppcut-ppeb\data\ChinesePaperCutting\style_0203.jpg,960,960,normalize_style_image
style,style_0285.jpg,style_0204.jpg,E:\Workspace_Codex\project002-chinese-ppcut-ppeb\data\ChinesePaperCutting\style_0285.jpg,E:\Workspace_Codex\project002-chinese-ppcut-ppeb\data\ChinesePaperCutting\style_0204.jpg,960,960,normalize_style_image
style,style_0286.jpg,style_0205.jpg,E:\Workspace_Codex\project002-chinese-ppcut-ppeb\data\ChinesePaperCutting\style_0286.jpg,E:\Workspace_Codex\project002-chinese-ppcut-ppeb\data\ChinesePaperCutting\style_0205.jpg,960,960,normalize_style_image
style,style_0287.jpg,style_0206.jpg,E:\Workspace_Codex\project002-chinese-ppcut-ppeb\data\ChinesePaperCutting\style_0287.jpg,E:\Workspace_Codex\project002-chinese-ppcut-ppeb\data\ChinesePaperCutting\style_0206.jpg,960,960,normalize_style_image
style,style_0288.jpg,style_0207.jpg,E:\Workspace_Codex\project002-chinese-ppcut-ppeb\data\ChinesePaperCutting\style_0288.jpg,E:\Workspace_Codex\project002-chinese-ppcut-ppeb\data\ChinesePaperCutting\style_0207.jpg,960,960,normalize_style_image
style,style_0289.jpg,style_0208.jpg,E:\Workspace_Codex\project002-chinese-ppcut-ppeb\data\ChinesePaperCutting\style_0289.jpg,E:\Workspace_Codex\project002-chinese-ppcut-ppeb\data\ChinesePaperCutting\style_0208.jpg,960,960,normalize_style_image
style,style_0290.jpg,style_0209.jpg,E:\Workspace_Codex\project002-chinese-ppcut-ppeb\data\ChinesePaperCutting\style_0290.jpg,E:\Workspace_Codex\project002-chinese-ppcut-ppeb\data\ChinesePaperCutting\style_0209.jpg,960,960,normalize_style_image
style,style_0291.jpg,style_0210.jpg,E:\Workspace_Codex\project002-chinese-ppcut-ppeb\data\ChinesePaperCutting\style_0291.jpg,E:\Workspace_Codex\project002-chinese-ppcut-ppeb\data\ChinesePaperCutting\style_0210.jpg,960,960,normalize_style_image
style,style_0292.jpg,style_0211.jpg,E:\Workspace_Codex\project002-chinese-ppcut-ppeb\data\ChinesePaperCutting\style_0292.jpg,E:\Workspace_Codex\project002-chinese-ppcut-ppeb\data\ChinesePaperCutting\style_0211.jpg,960,960,normalize_style_image
style,style_0294.jpg,style_0212.jpg,E:\Workspace_Codex\project002-chinese-ppcut-ppeb\data\ChinesePaperCutting\style_0294.jpg,E:\Workspace_Codex\project002-chinese-ppcut-ppeb\data\ChinesePaperCutting\style_0212.jpg,960,960,normalize_style_image
style,style_0295.jpg,style_0213.jpg,E:\Workspace_Codex\project002-chinese-ppcut-ppeb\data\ChinesePaperCutting\style_0295.jpg,E:\Workspace_Codex\project002-chinese-ppcut-ppeb\data\ChinesePaperCutting\style_0213.jpg,960,960,normalize_style_image
style,style_0296.jpg,style_0214.jpg,E:\Workspace_Codex\project002-chinese-ppcut-ppeb\data\ChinesePaperCutting\style_0296.jpg,E:\Workspace_Codex\project002-chinese-ppcut-ppeb\data\ChinesePaperCutting\style_0214.jpg,960,960,normalize_style_image
style,style_0297.jpg,style_0215.jpg,E:\Workspace_Codex\project002-chinese-ppcut-ppeb\data\ChinesePaperCutting\style_0297.jpg,E:\Workspace_Codex\project002-chinese-ppcut-ppeb\data\ChinesePaperCutting\style_0215.jpg,960,960,normalize_style_image
style,style_0298.jpg,style_0216.jpg,E:\Workspace_Codex\project002-chinese-ppcut-ppeb\data\ChinesePaperCutting\style_0298.jpg,E:\Workspace_Codex\project002-chinese-ppcut-ppeb\data\ChinesePaperCutting\style_0216.jpg,960,960,normalize_style_image
style,style_0301.jpg,style_0217.jpg,E:\Workspace_Codex\project002-chinese-ppcut-ppeb\data\ChinesePaperCutting\style_0301.jpg,E:\Workspace_Codex\project002-chinese-ppcut-ppeb\data\ChinesePaperCutting\style_0217.jpg,960,960,normalize_style_image
style,style_0304.jpg,style_0218.jpg,E:\Workspace_Codex\project002-chinese-ppcut-ppeb\data\ChinesePaperCutting\style_0304.jpg,E:\Workspace_Codex\project002-chinese-ppcut-ppeb\data\ChinesePaperCutting\style_0218.jpg,960,960,normalize_style_image
style,style_0305.jpg,style_0219.jpg,E:\Workspace_Codex\project002-chinese-ppcut-ppeb\data\ChinesePaperCutting\style_0305.jpg,E:\Workspace_Codex\project002-chinese-ppcut-ppeb\data\ChinesePaperCutting\style_0219.jpg,960,960,normalize_style_image
style,style_0306.jpg,style_0220.jpg,E:\Workspace_Codex\project002-chinese-ppcut-ppeb\data\ChinesePaperCutting\style_0306.jpg,E:\Workspace_Codex\project002-chinese-ppcut-ppeb\data\ChinesePaperCutting\style_0220.jpg,960,960,normalize_style_image
style,style_0307.jpg,style_0221.jpg,E:\Workspace_Codex\project002-chinese-ppcut-ppeb\data\ChinesePaperCutting\style_0307.jpg,E:\Workspace_Codex\project002-chinese-ppcut-ppeb\data\ChinesePaperCutting\style_0221.jpg,960,960,normalize_style_image
style,style_0310.jpg,style_0222.jpg,E:\Workspace_Codex\project002-chinese-ppcut-ppeb\data\ChinesePaperCutting\style_0310.jpg,E:\Workspace_Codex\project002-chinese-ppcut-ppeb\data\ChinesePaperCutting\style_0222.jpg,960,960,normalize_style_image
style,style_0313.jpg,style_0223.jpg,E:\Workspace_Codex\project002-chinese-ppcut-ppeb\data\ChinesePaperCutting\style_0313.jpg,E:\Workspace_Codex\project002-chinese-ppcut-ppeb\data\ChinesePaperCutting\style_0223.jpg,960,960,normalize_style_image
style,style_0317.jpg,style_0224.jpg,E:\Workspace_Codex\project002-chinese-ppcut-ppeb\data\ChinesePaperCutting\style_0317.jpg,E:\Workspace_Codex\project002-chinese-ppcut-ppeb\data\ChinesePaperCutting\style_0224.jpg,960,960,normalize_style_image
style,style_0320.jpg,style_0225.jpg,E:\Workspace_Codex\project002-chinese-ppcut-ppeb\data\ChinesePaperCutting\style_0320.jpg,E:\Workspace_Codex\project002-chinese-ppcut-ppeb\data\ChinesePaperCutting\style_0225.jpg,960,960,normalize_style_image
style,style_0322.jpg,style_0226.jpg,E:\Workspace_Codex\project002-chinese-ppcut-ppeb\data\ChinesePaperCutting\style_0322.jpg,E:\Workspace_Codex\project002-chinese-ppcut-ppeb\data\ChinesePaperCutting\style_0226.jpg,960,960,normalize_style_image
style,style_0323.jpg,style_0227.jpg,E:\Workspace_Codex\project002-chinese-ppcut-ppeb\data\ChinesePaperCutting\style_0323.jpg,E:\Workspace_Codex\project002-chinese-ppcut-ppeb\data\ChinesePaperCutting\style_0227.jpg,960,960,normalize_style_image
style,style_0325.jpg,style_0228.jpg,E:\Workspace_Codex\project002-chinese-ppcut-ppeb\data\ChinesePaperCutting\style_0325.jpg,E:\Workspace_Codex\project002-chinese-ppcut-ppeb\data\ChinesePaperCutting\style_0228.jpg,960,960,normalize_style_image
style,style_0326.jpg,style_0229.jpg,E:\Workspace_Codex\project002-chinese-ppcut-ppeb\data\ChinesePaperCutting\style_0326.jpg,E:\Workspace_Codex\project002-chinese-ppcut-ppeb\data\ChinesePaperCutting\style_0229.jpg,960,960,normalize_style_image
style,style_0327.jpg,style_0230.jpg,E:\Workspace_Codex\project002-chinese-ppcut-ppeb\data\ChinesePaperCutting\style_0327.jpg,E:\Workspace_Codex\project002-chinese-ppcut-ppeb\data\ChinesePaperCutting\style_0230.jpg,960,960,normalize_style_image
style,style_0328.jpg,style_0231.jpg,E:\Workspace_Codex\project002-chinese-ppcut-ppeb\data\ChinesePaperCutting\style_0328.jpg,E:\Workspace_Codex\project002-chinese-ppcut-ppeb\data\ChinesePaperCutting\style_0231.jpg,960,960,normalize_style_image
style,style_0330.jpg,style_0232.jpg,E:\Workspace_Codex\project002-chinese-ppcut-ppeb\data\ChinesePaperCutting\style_0330.jpg,E:\Workspace_Codex\project002-chinese-ppcut-ppeb\data\ChinesePaperCutting\style_0232.jpg,960,960,normalize_style_image
style,style_0332.jpg,style_0233.jpg,E:\Workspace_Codex\project002-chinese-ppcut-ppeb\data\ChinesePaperCutting\style_0332.jpg,E:\Workspace_Codex\project002-chinese-ppcut-ppeb\data\ChinesePaperCutting\style_0233.jpg,960,960,normalize_style_image
style,style_0334.jpg,style_0234.jpg,E:\Workspace_Codex\project002-chinese-ppcut-ppeb\data\ChinesePaperCutting\style_0334.jpg,E:\Workspace_Codex\project002-chinese-ppcut-ppeb\data\ChinesePaperCutting\style_0234.jpg,960,960,normalize_style_image
style,style_0336.jpg,style_0235.jpg,E:\Workspace_Codex\project002-chinese-ppcut-ppeb\data\ChinesePaperCutting\style_0336.jpg,E:\Workspace_Codex\project002-chinese-ppcut-ppeb\data\ChinesePaperCutting\style_0235.jpg,960,960,normalize_style_image
style,style_0337.jpg,style_0236.jpg,E:\Workspace_Codex\project002-chinese-ppcut-ppeb\data\ChinesePaperCutting\style_0337.jpg,E:\Workspace_Codex\project002-chinese-ppcut-ppeb\data\ChinesePaperCutting\style_0236.jpg,960,960,normalize_style_image
style,style_0338.jpg,style_0237.jpg,E:\Workspace_Codex\project002-chinese-ppcut-ppeb\data\ChinesePaperCutting\style_0338.jpg,E:\Workspace_Codex\project002-chinese-ppcut-ppeb\data\ChinesePaperCutting\style_0237.jpg,960,960,normalize_style_image
style,style_0339.jpg,style_0238.jpg,E:\Workspace_Codex\project002-chinese-ppcut-ppeb\data\ChinesePaperCutting\style_0339.jpg,E:\Workspace_Codex\project002-chinese-ppcut-ppeb\data\ChinesePaperCutting\style_0238.jpg,960,960,normalize_style_image
style,style_0342.jpg,style_0239.jpg,E:\Workspace_Codex\project002-chinese-ppcut-ppeb\data\ChinesePaperCutting\style_0342.jpg,E:\Workspace_Codex\project002-chinese-ppcut-ppeb\data\ChinesePaperCutting\style_0239.jpg,960,960,normalize_style_image
style,style_0344.jpg,style_0240.jpg,E:\Workspace_Codex\project002-chinese-ppcut-ppeb\data\ChinesePaperCutting\style_0344.jpg,E:\Workspace_Codex\project002-chinese-ppcut-ppeb\data\ChinesePaperCutting\style_0240.jpg,960,960,normalize_style_image
style,style_0345.jpg,style_0241.jpg,E:\Workspace_Codex\project002-chinese-ppcut-ppeb\data\ChinesePaperCutting\style_0345.jpg,E:\Workspace_Codex\project002-chinese-ppcut-ppeb\data\ChinesePaperCutting\style_0241.jpg,960,960,normalize_style_image
style,style_0349.jpg,style_0242.jpg,E:\Workspace_Codex\project002-chinese-ppcut-ppeb\data\ChinesePaperCutting\style_0349.jpg,E:\Workspace_Codex\project002-chinese-ppcut-ppeb\data\ChinesePaperCutting\style_0242.jpg,960,960,normalize_style_image
style,style_0353.jpg,style_0243.jpg,E:\Workspace_Codex\project002-chinese-ppcut-ppeb\data\ChinesePaperCutting\style_0353.jpg,E:\Workspace_Codex\project002-chinese-ppcut-ppeb\data\ChinesePaperCutting\style_0243.jpg,960,960,normalize_style_image
style,style_0354.jpg,style_0244.jpg,E:\Workspace_Codex\project002-chinese-ppcut-ppeb\data\ChinesePaperCutting\style_0354.jpg,E:\Workspace_Codex\project002-chinese-ppcut-ppeb\data\ChinesePaperCutting\style_0244.jpg,960,960,normalize_style_image
style,style_0358.jpg,style_0245.jpg,E:\Workspace_Codex\project002-chinese-ppcut-ppeb\data\ChinesePaperCutting\style_0358.jpg,E:\Workspace_Codex\project002-chinese-ppcut-ppeb\data\ChinesePaperCutting\style_0245.jpg,960,960,normalize_style_image
style,style_0361.jpg,style_0246.jpg,E:\Workspace_Codex\project002-chinese-ppcut-ppeb\data\ChinesePaperCutting\style_0361.jpg,E:\Workspace_Codex\project002-chinese-ppcut-ppeb\data\ChinesePaperCutting\style_0246.jpg,960,960,normalize_style_image
style,style_0365.jpg,style_0247.jpg,E:\Workspace_Codex\project002-chinese-ppcut-ppeb\data\ChinesePaperCutting\style_0365.jpg,E:\Workspace_Codex\project002-chinese-ppcut-ppeb\data\ChinesePaperCutting\style_0247.jpg,960,960,normalize_style_image
style,style_0366.jpg,style_0248.jpg,E:\Workspace_Codex\project002-chinese-ppcut-ppeb\data\ChinesePaperCutting\style_0366.jpg,E:\Workspace_Codex\project002-chinese-ppcut-ppeb\data\ChinesePaperCutting\style_0248.jpg,960,960,normalize_style_image
